{"pitch": [-5.750520155481521, 13.808877791116965, 135.17670024304925, 23.506864872770837], "energy": [-4.020871639251709, 5.7615647315979, 1.8312183340781487, 0.45542820010626683]}